Name,Region,Country,City
19 Grams Coffee,EMEA,Germany,Berlin
49th Parallel Coffee Roasters,NA,Canada,Vancouver
4LW – Four Letter Word Coffee,NA,USA,"Chicago, Illinois"
About Us Coffee,APAC,Japan,Kyoto
Acid Coffee,APAC,Japan,Tokyo
AMOC – A Matter of Concrete,EMEA,Netherlands,Rotterdam
Aoma Coffee,APAC,Japan,Osaka
Apollon’s Gold,APAC,Japan,Tokyo
April Coffee Roasters,EMEA,Denmark,Copenhagen
Archers Coffee,EMEA,UAE,Sharjah
Archetype Coffee,NA,USA,"Omaha, Nebraska"
Artificer Coffee,APAC,Australia,Sydney
Asia Roasting Project,NA,USA,"San Jose, California"
Assembly Coffee,EMEA,United Kingdom,London
Aviary Coffee,NA,USA,"Cleveland, Ohio"
Axil Coffee Roasters,APAC,Australia,Melbourne
Banibeans,EMEA,Slovenia,Ljubljana
Bean & Bean Coffee Roasters,NA,USA,"New York City, New York"
Bean Coffee Lab,NA,USA,"Fort Worth, Texas"
Black & White Coffee Roasters,NA,USA,"Wake Forest, North Carolina"
Black Fox Coffee Co.,NA,USA,"New York City, New York"
Blendin Coffee,NA,USA,"Houston, Texas"
Blind Tiger Coffee,NA,USA,"Tampa, Florida"
Blue Bottle,NA,USA,"San Francisco, California"
Bonanza Coffee Roasters,EMEA,Germany,Berlin
Botz Coffee,NA,USA,"Whiting, Indiana"
Brandywine Coffee Roasters,NA,USA,"Wilmington, Delaware"
Brewman Tokyo,APAC,Japan,Tokyo
Broadsheet Coffee Roasters,NA,USA,"Cambridge, Massachusetts"
Calendar Coffee,EMEA,Ireland,Galway
Camber Coffee,NA,USA,"Bellingham, Washington"
Carrier Roasting Co.,NA,USA,"Northfield, Vermont"
Cat and Cloud Coffee,NA,USA,"Santa Cruz, California"
Ceremony Coffee Roasters,NA,USA,"Baltimore, Maryland"
Chromatic Coffee,NA,USA,"San Jose, California"
Coava Coffee Roasters,NA,USA,"Portland, Oregon"
Code Black Coffee,APAC,Australia,Brunswick
Coffea Circulor,EMEA,Sweden,Gothenburg
Coffee Collective,EMEA,Denmark,Copenhagen
Coffee County,APAC,Japan,Kurume
Coffee Project New York,NA,USA,"New York City, New York"
Colonna Coffee,EMEA,United Kingdom,Bath
Colorfull Coffee,NA,Canada,Montreal
Corvus Coffee Roasters,NA,USA,"Denver, Colorado"
Cosmic Dust Coffee,NA,USA,"San Jose, California"
Counter Culture Coffee,NA,USA,"Durham, North Carolina"
Crankhouse Coffee,EMEA,United Kingdom,Exeters
Cupping Room Coffee Roasters,APAC,China,Hong Kong
Cypher Urban Roastery,EMEA,UAE,Dubai
da Matteo,EMEA,Sweden,Gothenburg
Dak Coffee Roasters,EMEA,Netherlands,Amsterdam
Dark Arts Coffee,EMEA,United Kingdom,London
Dayglow Coffee,NA,USA,"Los Angeles, California"
Dialect Coffee,EMEA,Netherlands,–
Ditta Artigianale,EMEA,Italy,Florence
Doubleshot,EMEA,Czech Republic,Prague
Drop Coffee Roasters,EMEA,Sweden,Stockholm
Duck Rabbit Coffee,NA,USA,"Cleveland, Ohio"
Elixr Coffee,NA,USA,"Philadelphia, Pennsylvania"
Elm Coffee Roasters,NA,USA,"Seattle, Washington"
Father’s Coffee,EMEA,Czech Republic,Ostrava
Five Elephant,EMEA,Germany,Berlin
Fjord Coffee,EMEA,Germany,Berlin
Flower Child Coffee,NA,USA,"Oakland, California"
Freak Coffee Roasters,APAC,Japan,Nagoya
Friedhats,EMEA,Netherlands,Amsterdam
Fritz Coffee Company,APAC,South Korea,Seoul
Frukt Coffee Roasters,EMEA,Finland,Turku
Fuglen Coffee Roasters Oslo,EMEA,Norway,Oslo
Fuglen Coffee Roasters Tokyo,APAC,Japan,Tokyo
Full Court Press,EMEA,United Kingdom,Bristol
Gardelli Specialty Coffees,EMEA,Italy,Forli
George Howell,NA,USA,"Boston, Massachusetts"
gget – Go Get Em Tiger,NA,USA,"Los Angeles, California"
Glitch Coffee & Roasters,APAC,Japan,Tokyo
Gout and Co.,APAC,China,Chengdu
Gracenote Coffee,NA,USA,"Boston, Massachusetts"
Greater Goods Roasting,NA,USA,"Austin, Texas"
Gringo Nordic Coffee Roasters,EMEA,Sweden,Gothenburg
H&S Coffee Roasters,NA,USA,"Laramie, Wyoming"
Hard Lines Coffee,EMEA,United Kingdom,Cardiff
Hatch Specialty Coffee,NA,Canada,Toronto
Heart Coffee Roasters,NA,USA,"Portland, Oregon"
Hex Coffee Roasters,NA,USA,"Charlotte, North Carolina"
Homeground Coffee Roasters,APAC,Singapore,Singapore
House of Funk Brewing Co.,NA,USA,Vancouver
Huckleberry Roasters,NA,USA,"Denver, Colorado"
Hydrangea Coffee Roasters,NA,USA,"Oakland, California"
Identity Coffee Lab,APAC,South Korea,Seoul
Ignis Coffee,APAC,Japan,Tokyo
Ilse Coffee,NA,USA,"North Canaan, Connecticut"
Intelligentsia,NA,USA,"Chicago, Illinois"
JBC Coffee Roasters,NA,USA,"Madison, Wisconsin"
Johan & Nyström,EMEA,Sweden,Stockholm
John Small Roastery,APAC,South Korea,Seoul
Junto Coffee,NA,USA,"Taylors, South Carolina"
Kaffa,EMEA,Norway,Oslo
Kaffeelix,EMEA,Austria,St. Pölten
Kawa Coffee Shop,EMEA,France,Paris
KB Coffee Roasters,EMEA,France,Paris
Kiss the Hippo Coffee,EMEA,United Kingdom,London
Klatch Coffee,NA,USA,"Rancho Cucamonga, California"
Koppi Roasters,EMEA,Sweden,Helsingborg
Kuma Coffee,NA,USA,Seattle Washington
Kurasu Kyoto,APAC,Japan,Kyoto
La Cabra,NA / EMEA,USA / Denmark,New York City / Copenhagen
Leaves Coffee,APAC,Japan,Tokyo
Leuchtfeuer Coffee,EMEA,Germany,Wedel
LiLo Coffee Roasters,APAC,Japan,Osaka
Little Waves Coffee Roasters,NA,USA,"Durham, North Carolina"
Little Wolf Coffee Roasters,NA,USA,"Ipswich, Massachusetts"
Loquat Coffee,NA,USA,"Los Angeles, California"
Loveless Coffees,NA,USA,"Brooklyn, New York"
Lucent Coffee,APAC,Japan,Tokyo
Luminous Coffee,NA,USA,"Las Vegas, Nevada"
Luna Coffee,NA,Canada,Vancouver
Madcap Coffee,NA,USA,"Grand Rapids, Michigan"
Mame Coffee,EMEA,Switzerland,Zurich
Manhattan Coffee Roasters,EMEA,Netherlands,Rotterdam
Manta Ray Coffee Roasters,APAC,Australia,Melbourne
Market Lane Coffee,APAC,Australia,Melbourne
Mel Coffee Roasters,APAC,Japan,Osaka
minmax by bk,NA,USA,California
Modcup Coffee,NA,USA,"Jersey City, New Jersey"
Mok Coffee,EMEA,Belgium,Brussels
Momos Coffee,APAC,South Korea,Busan
Monastery Coffee,APAC,Australia,Adelaide
Monogram Coffee,NA,Canada,"Calgary, Alabama"
Moodtrap Coffee Roasters,APAC,Singapore,Singapore
Moonwake Coffee Roasters,NA,USA,"Los Angeles, California"
Morgon Coffee Roasters,EMEA,Sweden,Gothenburg
Mostra Coffee,NA,USA,"San Diego, California"
Mother Tongue Coffee,NA,USA,"Oakland, California"
Muttley & Jack’s Coffee Roasters,EMEA,Sweden,Stockholm
Nemesis Coffee,NA,Canada,Vancouver
New Math Coffee,NA,USA,"Chicago, Illinois"
Newav Coffee,APAC,Australia,Melbourne
Nomad Coffee,EMEA,Spain,Barcelona
Nylon Coffee Roasters,APAC,Singapore,Singapore
Obadiah Coffee Roasters,EMEA,United Kingdom,Edinburgh
Ogawa Coffee Lab JP,APAC,Japan,Tokyo
Ogawa Coffee Lab USA,NA,USA,"Boston, Massachusetts"
Olympia Coffee Roasting,NA,USA,"Olympia, Washington"
OMA Specialty Coffee,APAC,China,Hong Kong
ONA Coffee,APAC,Australia,Melbourne
One Half Coffee,APAC,Malaysia,Petaling Jaya
Onibus Coffee,APAC,Japan,Tokyo
Onyx Coffee Labs,NA,USA,"Rogers, Arizona"
Pair Cupworks,NA,USA,"Mesa, Arizona"
Panther Coffee,NA,USA,"Miami, Florida"
Parlor Coffee,NA,USA,"Brooklyn, New York"
Passenger Coffee,NA,USA,"Lancaster, Pennsylvania"
Perc Coffee,NA,USA,"Savannah, Georgia"
Pheonix Coffee Co,NA,USA,"Cleveland, Ohio"
Phil & Sebastian,NA,Canada,Calgary
Philocoffea,APAC,Japan,Tokyo
PLOT Roasting,EMEA,United Kingdom,London
Prodigal Coffee,NA,USA,"Boulder, Colorado"
Prolog Coffee,EMEA,Denmark,Copenhagen
Proud Mary Coffee Melbourne,APAC,Australia,Melbourne
Proud Mary Coffee USA,NA,USA,"Portland, Oregon"
Quills Coffee,NA,USA,"Louisville, Kentucky"
Rabbit Hole Roasters,NA,Canada,Quebec
Raw Sugar Roast,APAC,Japan,Tokyo
Red Poison Coffee Roasters,APAC,Japan,Kanegawa
Regalia Coffee,NA,USA,"New York City, New York"
Ritual Coffee Roasters,NA,USA,"San Francisco, California"
Rogue Wave Coffee Co,NA,Canada,Alberta
Rose Coffee,EMEA,Switzerland,Zurich
Roseline Coffee,NA,USA,"Portland, Oregon"
Round Hill Roastery,EMEA,United Kingdom,Radstock
Ruby Coffee Roasters,NA,USA,"Nelsonville, Wisconsin"
Saint Frank Coffee,NA,USA,"San Francisco, California"
Scenery Coffee,EMEA,United Kingdom,London
Schön Kaffee,EMEA,Germany,Bamberg
September Coffee Company,NA,Canada,Ottawa
Seven Seeds Coffee Roasters,APAC,Australia,Melbourne
Sey Coffee,NA,USA,"Brooklyn, New York"
Shokunin Coffee Collective,EMEA,Netherlands,Rotterdam
Sightglass Coffee,NA,USA,"San Francisco, California"
Simple Kaffa,APAC,Taiwan,Taipei
Single O,APAC,Australia,Surry Hills
Solberg & Hansen Specialty Coffee,EMEA,Norway,Oslo
Special Guests Coffee,EMEA,United Kingdom,London
Square Mile Coffee Roasters,EMEA,United Kingdom,London
Standout Coffee,EMEA,Sweden,Stockholm
Steady State Roasting,NA,USA,"Carlsbad, California"
Stereoscope Coffee,NA,USA,"Los Angeles, California"
Style Coffee,APAC,Japan,Kyoto
Substance Cafe,EMEA,France,Paris
Subtext Coffee Roasters,NA,Canada,Toronto
Sumo Coffee Roasters,EMEA,Ireland,Dublin
Sump Coffee,NA,USA,"St. Louis, Missouri"
Supreme Roastworks,EMEA,Norway,Oslo
SW Craft Roasting,NA,USA,"Coatesville, Indiana"
Sweet Bloom Coffee,NA,USA,"Denver, Colorado"
Sweven Coffee,EMEA,United Kingdom,Bristol
Talormade,EMEA,Norway,Oslo
Tandem Coffee Roasters,NA,USA,"Portland, Maine"
Terraform Coffee Roasters,APAC,China,Shanghai
Terres de Café,EMEA,France,Paris
Thankfully Coffee,NA,USA,"Auburn, Alabama"
The Barn Coffee Roasters,EMEA,Germany,Berlin
The Picky Chemist,EMEA,Belgium,Chaudfontaine
Thoughtful Coffee,NA,USA,"Brooklyn, New York"
Three Marks Coffee,EMEA,Spain,Barcelona
Tim Wendelboe,EMEA,Norway,Oslo
Tiny Arms Coffee,NA,USA,"Lowell, Massachusetts"
Touchy Coffee,NA,USA,"Troy, New York"
Townsfolk Coffee,APAC,Japan,Kanazawa
Verb Coffee Roasters,NA,USA,"Boulder, Colorado"
Verve Coffee Roasters,NA,USA,"Santa Cruz, California"
Vesta Coffee Roasters,NA,USA,"Las Vegas, Nevada"
warmth,APAC,Japan,Gunma
Weekenders Coffee,APAC,Japan,Kyoto
Wes Ngopi,APAC,Malaysia,Kuala Lumpur
Wonderstate Coffee,NA,USA,"Viroqua, Wisconsin"
Workshop Coffee,EMEA,United Kingdom,London
